{
    "alphas": 0.13775136,
    "topic_entropy": 0.7283416,
    "topic_coherence": 0.6606954,
    "ndocs_active": 26901
}