{
    "Size": 0.13775136,
    "Specialization": 0.7283416,
    "Coherence": 0.6606954,
    "Trend": "-20.3%"
}
