{
    "pandas_query_1": {
        "ai": {
            "time": {
                "mean": 0.7307992219924927,
                "std": 0.11796725008183384
            },
            "cpu": {
                "mean": 73.08,
                "std": 12.539253920743807
            },
            "memory": {
                "mean": 4774.46328125,
                "std": 68.47772463974707
            }
        },
        "cancer": {
            "time": {
                "mean": 2.2763566732406617,
                "std": 0.17820597498744792
            },
            "cpu": {
                "mean": 57.589999999999996,
                "std": 47.935997900709665
            },
            "memory": {
                "mean": 19337.6490234375,
                "std": 207.3743840951845
            }
        }
    },
    "pandas_query_2": {
        "ai": {
            "time": {
                "mean": 2.123553681373596,
                "std": 0.27114361335341675
            },
            "cpu": {
                "mean": 94.38333333333333,
                "std": 12.851659484873988
            },
            "memory": {
                "mean": 5437.034830729167,
                "std": 270.9225526799313
            }
        },
        "cancer": {
            "time": {
                "mean": 7.190775990486145,
                "std": 0.30650089867434865
            },
            "cpu": {
                "mean": 97.49,
                "std": 8.780158283720144
            },
            "memory": {
                "mean": 20652.221484375,
                "std": 527.6785452392755
            }
        }
    },
    "pandas_query_3": {
        "ai": {
            "time": {
                "mean": 0.5022642135620117,
                "std": 0.016691843471526857
            },
            "cpu": {
                "mean": 42.260000000000005,
                "std": 1.4515891674682302
            },
            "memory": {
                "mean": 4403.49453125,
                "std": 0.003294039229342062
            }
        },
        "cancer": {
            "time": {
                "mean": 2.0626444816589355,
                "std": 0.3469451558448839
            },
            "cpu": {
                "mean": 97.92727272727274,
                "std": 9.540344952787704
            },
            "memory": {
                "mean": 18467.453125,
                "std": 0.0
            }
        }
    },
    "pandas_query_4": {
        "ai": {
            "time": {
                "mean": 0.5833055782318115,
                "std": 0.07332075152067222
            },
            "cpu": {
                "mean": 58.9,
                "std": 7.916228058025282
            },
            "memory": {
                "mean": 4403.510546875,
                "std": 0.005224584022848667
            }
        },
        "cancer": {
            "time": {
                "mean": 3.02726349067688,
                "std": 0.6048858517160703
            },
            "cpu": {
                "mean": 94.11363636363639,
                "std": 21.44819440629078
            },
            "memory": {
                "mean": 18595.993607954544,
                "std": 54.543317633380994
            }
        }
    },
    "solr_query_1": {
        "ai": {
            "time": {
                "mean": 0.1459822654724121,
                "std": 0.05445916175291252
            },
            "cpu": {
                "mean": 835.76,
                "std": 0
            },
            "memory": {
                "mean": 5509.35994,
                "std": 0
            }
        },
        "cancer": {
            "time": {
                "mean": 0.41298115253448486,
                "std": 0.10298416325691487
            },
            "cpu": {
                "mean": 81.865,
                "std": 113.56842012637138
            },
            "memory": {
                "mean": 5509.89681,
                "std": 0.7592488352311134
            }
        }
    },
    "solr_query_2": {
        "ai": {
            "time": {
                "mean": 1.0164905309677124,
                "std": 0.013748892563723525
            },
            "cpu": {
                "mean": 81.77499999999999,
                "std": 53.65929835545746
            },
            "memory": {
                "mean": 5508.2862,
                "std": 0.0
            }
        },
        "cancer": {
            "time": {
                "mean": 2.465681767463684,
                "std": 0.2994139742490978
            },
            "cpu": {
                "mean": 112.41142857142859,
                "std": 60.99736016926509
            },
            "memory": {
                "mean": 5509.513331428572,
                "std": 0.4058355732488581
            }
        }
    },
    "solr_query_3": {
        "ai": {
            "time": {
                "mean": 0.010933017730712891,
                "std": 0.0039037577762194046
            },
            "cpu": {
                "mean": 1.53,
                "std": 0
            },
            "memory": {
                "mean": 5508.2862,
                "std": 0
            }
        },
        "cancer": {
            "time": {
                "mean": 0.00936894416809082,
                "std": 0.0032384907306222347
            },
            "cpu": {
                "mean": 1.5699999999999998,
                "std": 0
            },
            "memory": {
                "mean": 5510.43368,
                "std": 0
            }
        }
    },
    "solr_query_4": {
        "ai": {
            "time": {
                "mean": 0.012758612632751465,
                "std": 0.002010842409959398
            },
            "cpu": {
                "mean": 1.56,
                "std": 0
            },
            "memory": {
                "mean": 5508.2862,
                "std": 0
            }
        },
        "cancer": {
            "time": {
                "mean": 0.011922001838684082,
                "std": 0.0008987874568925935
            },
            "cpu": {
                "mean": 1.55,
                "std": 0
            },
            "memory": {
                "mean": 5510.43368,
                "std": 0
            }
        }
    }
}